,term,df,sumsq,meansq,statistic,p.value
1,SEX_DUMMY,1,22.74361068,22.74361068,42.95170365,6.86E-11
3,PERSONAL,1,49.27244014,49.27244014,95.0579316,4.76E-22
5,HHINC,1,63.58517997,63.58517997,124.1141189,3.91E-28
7,MARSTAT_DUMMY,1,70.93911981,70.93911981,139.3108735,2.77E-31
9,EDUC,1,47.48785466,47.48785466,91.4823818,2.71E-21
11,RELIG_IMP,1,51.65834571,51.65834571,99.85450375,4.65E-23
13,SAT_WORK,1,68.87451323,68.87451323,135.0257738,2.13E-30